Response,Prediction
TPC,126.06531158278507
TFC,15.879349343727437
DPPH,27.820453526202773
ABTS,8.674190223128011
MCA,29.550290083921062
Overall Desirability = 0.6175