Response,R2_ANN,RMSE_ANN,R2_RSM,RMSE_RSM
TPC,-1.75347565436663,29.476773384316733,0.982,1.23
TFC,-0.7092627063340442,4.339739646968587,0.975,0.61
DPPH,-31.49591863029173,3.502921477109953,0.984,0.29
ABTS,-2.26808022342574,6.473176762044696,0.978,0.35
MCA,-3.06944988903482,26.749996295479164,0.981,1.05
