,Run,DES,Power,Time,TPC,TFC,DPPH,ABTS,MCA
count,10.0,10.0,10.0,10.0,10.0,10.0,10.0,10.0,10.0
mean,5.5,75.0,330.0,29.0,121.91,13.860000000000003,26.360000000000003,10.75,30.78
std,3.0276503540974917,12.24744871391589,89.81462390204986,7.378647873726218,12.70856666452463,3.413111971988808,1.285992915135141,1.4826777577522814,8.421242980304829
min,1.0,60.0,220.0,20.0,102.5,8.9,24.2,8.1,18.7
25%,3.25,63.75,247.5,22.5,112.55,10.85,25.525,9.799999999999999,23.924999999999997
50%,5.5,75.0,330.0,30.0,119.6,14.1,26.3,10.7,31.900000000000002
75%,7.75,86.25,412.5,30.0,132.65,16.575,27.25,12.0,37.125
max,10.0,90.0,440.0,40.0,140.1,18.4,28.3,12.7,42.5
